use db_project;

INSERT STOCK(code, stock_name) 
VALUES
('005930', '삼성전자'),
('373220', 'LG에너지솔루션'),
('000660', 'SK하이닉스'),
('207940', '삼성바이오로직스'),
('051910', 'LG화학'),
('005380', '현대차');

INSERT user(ID, PW, name, age, phone, email, money)
VALUES
('aaaaa', '123aaaaa', '홍길동', '21', '01011111111', 'aaaaa@naver.com', '0'),
('bbbbb', '123bbbbb', '최부자', '35', '01022222222', 'bbbbb@naver.com', '0'),
('ccccc', '123ccccc', '박주식', '42', '01033333333', 'ccccc@naver.com', '0'),
('ddddd', '123ddddd', '박준용', '26', '01044444444', 'ddddd@naver.com', '0'),
('eeeee', '123eeeee', '전승권', '51', '01055555555', 'eeeee@naver.com', '0'),
('fffff', '123fffff', '이민석', '33', '01066666666', 'fffff@naver.com', '0'),
('ggggg', '123ggggg', '이세연', '25', '01077777777', 'ggggg@naver.com', '0'),
('hhhhh', '123hhhhh', '이기업', '27', '01088888888', 'hhhhh@naver.com', '0'),
('iiiii', '123iiiii', '김무식', '39', '01099999999', 'iiiii@naver.com', '0'),
('jjjjj', '123jjjjj', '신짱구', '58', '01000000000', 'jjjjj@naver.com', '0'),
('kkkkk', '123kkkkk', '우영우', '26', '01012121212', 'kkkkk@naver.com', '0'),
('lllll', '123lllll', '이수만', '32', '01013131313', 'lllll@naver.com', '0'),
('mmmmm', '123mmmmm', '양현석', '25', '01014141414', 'mmmmm@naver.com', '0');

INSERT COMPANY(code, company_name, stock_count, company_info)
VALUES
('005930', '삼성전자', '5969782550', '한국 및 DX부문 해외 9개 지역총괄과 DS부문 해외 5개 지역총괄, SDC, Harman 등 233개의 종속기업으로 구성된 글로벌 전자기업임.'),
('373220', 'LG에너지솔루션', '23400000', '동사는 EV, ESS, IT기기, LEV 등에 적용되는 전지 관련 제품의 연구, 개발, 제조, 판매하는 사업을 영위하고 있음.'),
('000660', 'SK하이닉스', '72800236', '1983년 현대전자로 설립됐고, 2001년 하이닉스반도체를 거쳐 2012년 최대주주가 SK텔레콤으로 바뀌면서 SK하이닉스로 상호를 변경함.'),
('207940', '삼성바이오로직스', '7117400', '삼성그룹의 계열사로 2011년 4월 설립되었으며, 국내외 제약회사의 첨단 바이오의약품을 위탁 생산하는 CMO 사업을 영위.'),
('051910', 'LG화학', '7059234', '동사는 석유화학 사업부문, 전지 사업부문, 첨단소재 사업부문, 생명과학 사업부문, 공통 및 기타부문의 사업을 영위하고 있음.'),
('005380', '현대차', '21366818', '동사는 1967년 12월에 설립되어 1974년 6월 28일에 유가증권시장에 상장됨.');

INSERT stock_p(code, date, n_price, l_price, h_price, e_price, price_count)
VALUES
('000660', '2022-10-31', '84300', '82400', '85400', '83400', '6190029'),
('005380', '2022-10-31', '166000', '162000', '166500', '164000', '612141'),
('005930', '2022-10-31', '58100', '58000', '59900', '57300', '18926454'),
('051910', '2022-10-31', '627000', '609000', '627000', '615000', '740191'),
('207940', '2022-10-31', '884000', '871000', '892000', '876000', '39500'),
('373220', '2022-10-31', '539000', '516000', '542000', '532000', '626581');

INSERT user_a(ID, A_num)
VALUES
('aaaaa', '3333123456789'),
('aaaaa', '3021249201259'),
('ccccc', '3521247204918'),
('aaaaa', '100245593010'),
('ddddd', '2112020496017'),
('ddddd', '1021748392019'),
('ddddd', '1234556789012'),
('ggggg', '111122223333'),
('hhhhh', '999998888898'),
('ccccc', '123123456456000'),
('jjjjj', '98765432101234'),
('ggggg', '123567890123'),
('bbbbb', '4568904230122'),
('aaaaa', '58902034302');

INSERT stock_u(ID, code, stock_num, stock_price)
VALUES
('aaaaa', '000660', '35', '2950500'),
('bbbbb', '005380', '10', '1660000'),
('ccccc', '005930', '5', '290500'),
('ddddd', '051910', '1', '627000'),
('eeeee', '207940', '1', '884000'),
('fffff', '373220', '2', '1078000'),
('ggggg', '005380', '5', '840000'),
('hhhhh', '373220', '2', '1078000'),
('aaaaa', '005930', '20', '3320000'),
('aaaaa', '005930', '20', '3330000'),
('aaaaa', '005380', '1', '166000'),
('iiiii', '051910', '2', '1254000'),
('jjjjj', '000660', '10', '843000'),
('kkkkk', '005930', '20', '1162000'),
('lllll', '207940', '2', '1768000'),
('mmmmm', '005380', '5', '830000'),
('hhhhh', '005380', '5', '830000'),
('kkkkk', '373220', '1', '539000'),
('ddddd', '000660', '15', '1264500'),
('kkkkk', '207940', '3', '2652000');

INSERT stock_uz(ID, code)
VALUES
('aaaaa', '000660'),
('bbbbb', '000660'),
('ccccc', '207940'),
('ccccc', '005380'),
('ddddd', '051910'),
('eeeee', '051910'),
('fffff', '373220'),
('ggggg', '000660'),
('ccccc', '373220'),
('jjjjj', '005380'),
('mmmmm', '000660'),
('mmmmm', '207940'),
('kkkkk', '000660');

INSERT stock_uc(ID, code, time)
VALUES
('aaaaa', '000660', '00:04:20'),
('ddddd', '373220', '00:10:01'),
('fffff', '051910', '00:03:20'),
('jjjjj', '005380', '00:00:50'),
('aaaaa', '005380', '00:00:20'),
('kkkkk', '207940', '00:01:52'),
('mmmmm', '005380', '00:02:21'),
('eeeee', '000660', '00:00:55');

INSERT stock_O(code, stock_owner, stock_num, stock_p)
VALUES
('005930', '삼성생명보험 외 15인', '1241176035', '20.79'),
('005930', '국민연금공단', '458637667', '7.68'),
('005930', 'BlackRock Fund Advisors 외 15인', '300391061', '5.03'),
('373220', 'LG화학 외 1인', '191501000', '81.84'),
('000660', '에스케이스퀘어 외 9인', '146125674', '20.07'),
('000660', '국민연금공단', '59508387', '8.17'),
('000660', 'The Capital Group Companies Inc.외 33인', '36787079', '5.05'),
('207940', '삼성물산 외 4인', '52935334', '74.37'),
('207940', '국민연금공단', '3986605', '5.6'),
('051910', 'LG 외 2인', '23555557', '33.37'),
('051910', '국민연금공단', '4825752', '6.84'),
('051910', 'LG화학', '367529', '0.52'),
('005380', '현대모비스 외 8인', '62781378', '29.38'),
('005380', '국민연금공단', '16629665', '7.78'),
('005380', '현대차', '14902914', '6.97');

INSERT ADMIN(ID, PW)
VALUES
('admin1', 'admin123!'),
('admin2', 'adminqaz00)'),
('admin3', 'adminppap3#');

INSERT A_BOARD(ID, title, text, name, time, num) 
VALUES
('admin1', '공지사항입니다.', '첫 공지 내용입니다.', '관리자1', '07:30:22', '10'),
('admin2', '탈퇴 회원 명단', 'nnnnn: 부적절한 언어 사용', '관리자2', '10:40:53', '50'),
('admin3', '신규 종목 출시 예정', '종목 Z, 추후 자세한 공지 예정', '관리자3', '16:05:12', '100');

INSERT U_BOARD(ID, t_id, code, title, text, time, num)
VALUES
('aaaaa',  null, '005930', '삼성전자 좋아', '삼전 오른다 ㄷㄷ', '12:20:43', '10'),
('ddddd', null, '207940', '삼바로라고 읽는게 맞음?', '.', '17:54:11', '3'),
('mmmmm', null, '005380', '나 탈퇴당한줄 알았네;', '아이디 너무 비슷해', '11:40:22', '50');

INSERT D_BOARD(ID, t_id, text, time)
VALUES
('aaaaa', '2', '아마 ㅇㅇ', '18:02:43'),
('ddddd', '3', 'ㅋㅋㅋㅋㅋㅋ', '12:30:11'),
('eeeee', '3', '헷갈릴만하네', '12:34:40'),
('kkkkk', '1', '드가자', '12:22:00'),
('mmmmm', '3', '다들 그렇구나ㅋㅋ', '14:30:20');
