use db_project;

INSERT STOCK(code, stock_name) 
VALUES
('005930', '삼성전자'),
('000660', 'SK하이닉스'),
('051910', 'LG화학'),
('005380', '현대차'),
('000270', '기아'),
('005490', 'POSCO홀딩스'),
('006400', '삼성SDI'),
('012330', '현대모비스'),
('028260', '삼성물산'),
('035720', '카카오'),
('068270', '셀트리온'),
('207940', '삼성바이오로직스'),
('000880', '한화'),
('009540', '한국조선해양'),
('105560', 'KB금융'),
('035420', 'NAVER'),
('032830', '삼성생명'),
('225570', '넥슨게임즈'),
('003550', 'LG'),
('017670', 'SK텔레콤'),
('036570', '엔씨소프트');

INSERT user(id, pw, name, age, phone, email, money)
VALUES
('aaaaa', '123aaaaa', '홍길동', '21', '01011111111', 'aaaaa@naver.com', '0'),
('bbbbb', '123bbbbb', '최부자', '35', '01022222222', 'bbbbb@naver.com', '0'),
('ccccc', '123ccccc', '박주식', '42', '01033333333', 'ccccc@naver.com', '0'),
('ddddd', '123ddddd', '박준용', '26', '01044444444', 'ddddd@naver.com', '0'),
('eeeee', '123eeeee', '전승권', '51', '01055555555', 'eeeee@naver.com', '0'),
('fffff', '123fffff', '이민석', '33', '01066666666', 'fffff@naver.com', '0'),
('ggggg', '123ggggg', '이세연', '25', '01077777777', 'ggggg@naver.com', '0'),
('hhhhh', '123hhhhh', '이기업', '27', '01088888888', 'hhhhh@naver.com', '0'),
('iiiii', '123iiiii', '김무식', '39', '01099999999', 'iiiii@naver.com', '0'),
('jjjjj', '123jjjjj', '신짱구', '58', '01000000000', 'jjjjj@naver.com', '0'),
('kkkkk', '123kkkkk', '우영우', '26', '01012121212', 'kkkkk@naver.com', '0'),
('lllll', '123lllll', '이수만', '32', '01013131313', 'lllll@naver.com', '0'),
('mmmmm', '123mmmmm', '양현석', '25', '01014141414', 'mmmmm@naver.com', '0');

INSERT COMPANY(code, company_name, stock_count, company_info)
VALUES
('005930', '삼성전자', '5969782550', '한국 및 DX부문 해외 9개 지역총괄과 DS부문 해외 5개 지역총괄, SDC, Harman 등 233개의 종속기업으로 구성된 글로벌 전자기업임.'),
('000660', 'SK하이닉스', '72800236', '1983년 현대전자로 설립됐고, 2001년 하이닉스반도체를 거쳐 2012년 최대주주가 SK텔레콤으로 바뀌면서 SK하이닉스로 상호를 변경함.'),
('051910', 'LG화학', '7059234', '동사는 석유화학 사업부문, 전지 사업부문, 첨단소재 사업부문, 생명과학 사업부문, 공통 및 기타부문의 사업을 영위하고 있음.'),
('005380', '현대차', '21366818', '동사는 1967년 12월에 설립되어 1974년 6월 28일에 유가증권시장에 상장됨.'),
('000270', '기아', '40536334', '1999년 아시아자동차와 함께 현대자동차에 인수되었고, 기아차판매, 아시아자동차, 기아대전판매, 아시아차판매 등 4개사를 통합함.'),
('005490', 'POSCO홀딩스', '8457123', '동사는 자동차, 조선, 가전 등 산업에 원자재를 공급하는 철강사업(포스코)을 주력으로 영위하고 있으며, 무역/건설/에너지를 포함한 친환경인프라사업(포스코인터내셔널, 포스코건설, 포스코에너지 등)도 운영.'),
('006400', '삼성SDI', '6876453', '동사 사업은 에너지 솔루션 부문과 전자재료 부문으로 분류됨. 에너지 솔루션 부문은 소형전지, 중대형전지 등의 리튬이온 2차 전지를 생산, 판매함.'),
('012330', '현대모비스', '9457309', '동사는 1977년 6월 설립되었으며, 1989년 9월 5일 한국거래소 유가증권시장에 주식을 상장하였음.'),
('028260', '삼성물산', '18688708', '동사는 1938년 설립되었으며 2015년 삼성물산과 제일모직을 합병하였음 .'),
('035720', '카카오', '44531118', '국내 시장 점유율 1위 메신저 카카오톡을 중심으로 커머스, 모빌리티, 페이, 게임, 뮤직, 콘텐츠 등 다양한 영역에서 수익을 창출하고 있음. 매출은 플랫폼 부문 52.3%, 콘텐츠 부문 47.7%로 구성됐음.'),
('068270', '셀트리온','14079186', '동사는 생명공학기술 및 동물세포대량배양기술을 기반으로 항암제 등 각종 단백질 치료제(therapeutic proteins)를 개발, 생산하는 것을 목적사업으로 하고 있음.'),
('207940', '삼성바이오로직스', '7117400', '삼성그룹의 계열사로 2011년 4월 설립되었으며, 국내외 제약회사의 첨단 바이오의약품을 위탁 생산하는 CMO 사업을 영위.'),
('000880', '한화', '7495873', '한화그룹의 지주회사 역할을 하고 있으며 한화생명, 한화에어로스페이스, 한화케미칼 등 계열사 지분 보유, 자체사업은 화약/방산/기계/무역 부문이 있음.'),
('009540', '한국조선해양', '7077311', '지주회사로 다른 회사를 지배함과 동시에 미래기술사업 등을 영위하고 있으며, 주요 종속회사로는 현대중공업, 현대삼호중공업, 현대미포조선 등이 있음.'),
('105560', 'KB금융', '40889706', '2008년 설립된 KB금융그룹의 지주회사로서 업계 선두권의 시장지위와 높은 브랜드 인지도를 바탕으로 은행, 카드, 증권, 생명보험, 손해보험, 저축은행 등 다양한 사업을 영위함.'),
('035420', 'NAVER', '16404908', '동사는 국내 1위 포털 서비스를 기반으로 광고, 쇼핑, 디지털 간편결제 사업을 영위하고 있으며, 공공/금융 분야를 중심으로 클라우드를 비롯한 다양한 IT 인프라 및 기업향 솔루션 제공을 확대해가고 있음.'),
('032830', '삼성생명', '20000000', '1957년에 설립되어 업계 최대의 전속 설계사 조직과 계리 전문인력을 보유하고 있는 삼성그룹 계열의 생명보험사.'),
('225570', '넥슨게임즈', '65761094', '동사는 2013년 5월 6일에 설립된 온라인, 모바일게임 소프트웨어 개발업을 주요 사업으로 영위함.'),
('003550', 'LG', '15730099', '1947년 설립되었으며, LGCI와 LGEI와의 합병을 통해 2003년 3월 순수 지주회사로 전환함.'),
('017670', 'SK텔레콤', '21883314', '동사의 사업은 이동전화, 무선데이터, 정보통신사업 등의 무선통신사업, 전화, 초고속인터넷, 데이터 및 통신망 임대서비스 등을 포함한 유선통신사업, 플랫폼 서비스, 인터넷포털 서비스 등의 기타사업으로 구분됨.'),
('036570', '엔씨소프트', '2195402', "온라인, 모바일 게임을 개발해 운영함. PC게임 '리니지'와 '리니지2', '아이온', '블레이드앤소울', 모바일 게임 '리니지M', '리니지2M', '리니지W' 등이 주요 게임임.");

INSERT stock_p(code, date, n_price, l_price, h_price, e_price, price_count, Changerate)
VALUES
('005930', '2022-12-08', '58700', '58600', '59200', '59200', '12779480', '0.005093'),
('000270', '2022-12-08', '65200', '64500', '65300', '64700', '1262664', '-0.00462'),
('032830', '2022-12-08', '71200', '70600', '73000', '72800', '870927', '0.031161'),
('036570', '2022-12-08', '464500', '460500', '466500', '466000', '88485', '0.013043'),
('225570', '2022-12-08', '13600' ,'13350', '13750', '13500', '284398', '-0.0146'),
('006400', '2022-12-08', '709000', '693000', '716000', '693000', '292713', '-0.02119'),
('000880', '2022-12-08', '27700', '27200', '27800', '27550', '220616', '-0.00542'),
('000660', '2022-12-08', '78200', '78200', '79800', '78800', '3769573', '-0.00127'),
('035420', '2022-12-08', '184000', '181500', '186500', '185500', '706472', '0.010899'),
('005380', '2022-12-08', '163500', '161000', '163500', '162000', '701414', '-0.00613'),
('005490', '2022-12-08', '290000', '284000', '291000', '286500', '576109', '-0.01207'),
('028260', '2022-12-08', '116500', '116000', '118000', '117500', '402429', '0.012931'),
('068270', '2022-12-08', '175500', '174000', '177000', '176500', '475935', '0.011461'),
('035720', '2022-12-08', '55900', '54900', '56100', '55500', '1364132', '0'),
('012330', '2022-12-08',' 210000', '204000', '210000', '206000', '231088', '-0.00723'),
('207940', '2022-12-08', '828000', '816000', '835000', '827000', '83790', '-0.00481'),
('003550', '2022-12-08', '79200', '78400', '79700', '79600', '301838', '0.014013'),
('017670', '2022-12-08', '50300', '49950', '50500', '50200', '746856', '0'),
('105560', '2022-12-08', '50500', '50200', '51200', '50400', '1869444', '-0.00787'),
('009540', '2022-12-08', '74300', '71600', '74300', '72800', '230211', '-0.01355'),
('051910', '2022-12-08', '682000', '665000', '685000', '670000', '248559', '-0.01325');

INSERT user_a(ID, A_num)
VALUES
('aaaaa', '3333123456789'),
('aaaaa', '3021249201259'),
('ccccc', '3521247204918'),
('aaaaa', '100245593010'),
('ddddd', '2112020496017'),
('ddddd', '1021748392019'),
('ddddd', '1234556789012'),
('ggggg', '111122223333'),
('hhhhh', '999998888898'),
('ccccc', '123123456456000'),
('jjjjj', '98765432101234'),
('ggggg', '123567890123'),
('bbbbb', '4568904230122'),
('aaaaa', '58902034302');

INSERT stock_u(ID, code, stock_num, stock_price)
VALUES
('aaaaa', '000660', '35', '84300'),
('bbbbb', '005380', '10', '166000'),
('ccccc', '005930', '5', '58100'),
('ddddd', '051910', '1', '627000'),
('eeeee', '207940', '1', '884000'),
('ggggg', '005380', '5', '168000'),
('aaaaa', '005930', '20', '166000'),
('iiiii', '051910', '2', '627000'),
('jjjjj', '000660', '10', '843000'),
('kkkkk', '005930', '20', '58100'),
('lllll', '207940', '2', '884000'),
('mmmmm', '005380', '5', '166000'),
('hhhhh', '005380', '5', '166000'),
('ddddd', '000660', '15', '84300'),
('kkkkk', '207940', '3', '884000');

INSERT stock_uz(ID, code)
VALUES
('aaaaa', '000660'),
('bbbbb', '000660'),
('ccccc', '207940'),
('ccccc', '005380'),
('ddddd', '051910'),
('eeeee', '051910'),
('ggggg', '000660'),
('jjjjj', '005380'),
('mmmmm', '000660'),
('mmmmm', '207940'),
('kkkkk', '000660');

INSERT stock_uc(ID, code, time)
VALUES
('aaaaa', '000660', '2022-12-10 00:04:20'),
('fffff', '051910', '2022-12-10 00:03:20'),
('jjjjj', '005380', '2022-12-10 00:00:50'),
('aaaaa', '005380', '2022-12-10 00:00:20'),
('kkkkk', '207940', '2022-12-10 00:01:52'),
('mmmmm', '005380', '2022-12-10 00:02:21'),
('eeeee', '000660', '2022-12-10 00:00:55');

INSERT stock_O(code, stock_owner, stock_num, stock_p)
VALUES
('005930', '삼성생명보험 외 15인', '1241176035', '20.79'),
('005930', '국민연금공단', '458637667', '7.68'),
('005930', 'BlackRock Fund Advisors 외 15인', '300391061', '5.03'),
('000660', '에스케이스퀘어 외 9인', '146125674', '20.07'),
('000660', '국민연금공단', '59508387', '8.17'),
('000660', 'The Capital Group Companies Inc.외 33인', '36787079', '5.05'),
('051910', 'LG 외 2인', '23555557', '33.37'),
('051910', '국민연금공단', '4825752', '6.84'),
('051910', 'LG화학', '367529', '0.52'),
('005380', '현대모비스 외 8인', '62781378', '29.38'),
('005380', '국민연금공단', '16629665', '7.78'),
('005380', '현대차', '14902914', '6.97'),
('000270', '현대자동차 외 5인', '144408340', '35.62'),
('000270', '국민연금공단', '30242601', '7.46'),
('000270', '기아', '4432331', '1.09'),
('005490', '국민연금공단', '7606062', '8.99'),
('005490', 'BlackRock Fund Advisors 외 13인', '4555963', '5.39'),
('005490', 'POSCO홀딩스', '11337658', '13.41'),
('006400', '삼성전자 외 5인', '14129902', '20.55'),
('006400', '국민연금공단', '5869276', '8.54'),
('006400', 'BlackRock Fund Advisors 외 13인', '3444030', '5.01'),
('012330', '기아 외 8인', '29673324', '31.38'),
('012330', '국민연금공단', '8987891', '9.5'),
('012330', '미래에셋자산운용 외 9인', '4823219', '5.1'),
('028260', '이재용 외 13인', '63098596', '33.76'),
('028260', '케이씨씨', '17009518', '9.1'),
('028260', '국민연금공단', '14179943', '7.59'),
('035720', '김범수 외 72인', '107572321', '24.16'),
('035720', '국민연금공단', '28574670', '6.42'),
('035720', 'MAXIMO PTE', '27999245', '6.29'),
('068270', '셀트리온홀딩스 외 74인', '32106216', '22.8'),
('068270', '국민연금공단', '10416662', '7.4'),
('068270', '셀트리온', '2879013', '2.04'),
('207940', '삼성물산 외 4인', '52935334', '74.37'),
('207940', '국민연금공단', '3986605', '5.6'),
('000880', '김승연 외 10인', '32687768', '43.61'),
('000880', '국민연금공단', '5067286', '6.76'),
('000880', '한화', '6568817', '8.76'),
('009540', '현대중공업지주 외 10인', '25941611', '36.65'),
('009540', '국민연금공단', '4060214', '5.74'),
('009540', '한국조선해양', '58486', '0.08'),
('105560', '국민연금공단', '33830623', '8.27'),
('105560', 'BlackRock Fund Advisors 외 13인', '25036666', '6.12'),
('105560', 'KB금융', '19262733', '4.71'),
('035420', '국민연금공단', '13406282', '8.17'),
('035420', 'BlackRock Fund Advisors 외 13인', '8283195', '5.05'),
('035420', 'NAVER', '14441741', '8.8'),
('032830', '삼성물산 외 8인', '90600965', '45.3'),
('032830', '신세계 외 1인', '16144000', '8.07'),
('032830', '국민연금공단', '11696085', '5.85'),
('003550', '구광모 외 29인', '65598735', '41.7'),
('003550', '국민연금공단', '12634332', '8.03'),
('003550', '미래에셋자산운용 외 9인', '8576099', '5.45'),
('017670', 'SK 외 12인', '65712503', '30.03'),
('017670', '국민연금공단', '16485854', '7.53'),
('017670', 'SK텔레콤', '801091', '0.37'),
('036570', '김택진 외 6인', '2631366', '11.99'),
('036570', '퍼블릭 인베스트먼트 펀드 외 1인', '2032411', '9.26'),
('036570', '넷마블', '1950000', '8.88');

INSERT ADMIN(ID, PW)
VALUES
('admin1', 'admin123!'),
('admin2', 'adminqaz00)'),
('admin3', 'adminppap3#');

INSERT A_BOARD(title, text, date, num) 
VALUES
('공지사항입니다.', '첫 공지 사항입니다.', '2022-12-10 07:30:22', '140'),
('탈퇴 회원 명단', 'nnnnn: 부적절한 언어 사용', '2022-12-10 10:40:53', '50'),
('신규 종목 출시 예정', '종목 "Z", 추후 자세한 공지 예정', '2022-12-10 16:05:12', '100'),
('EVENT #1 출시 !', '가입자 여러분 모두를 위해 깜짝 이벤트를 개최했으니 abc@naver.com 으로 연락주시면 선착순 50분에게 안내해드리겠습니다! 감사합니다.', '2022-12-10 17:40', '328'),
('EVENT #1 당첨자 발표', '지난 깜짝 이벤트에 많은 관심 가져주셔서 감사합니다. 이번 EVENT #1에 당첨된 분들께 개인 이메일로 관련 내용을 첨부해드렸으니 확인하시고 담당자 연락처로 회신해주시기 바랍니다. 감사합니다.', '2022-12-11 11:11', '548');

INSERT U_BOARD(ID, t_id, code, title, text, time, num)
VALUES
('aaaaa', null, '005930', '삼성전자 알잖아', '삼전 무적권 오른다 ㄷㄷ', '2022-12-10 12:20:43', '43'),
('ddddd', null, '207940', '삼바로라고 읽는게 맞음?', '???', '2022-12-10 17:54:11', '18'),
('mmmmm', null, '005930', '삼성전자 믿읍시다 !', '믿습니다 ! ! ! !', '2022-12-10 13:05:22', '62'),
('eeeee', null, '005930', '삼성전자 신제품 나온다던데??', '풀매수 드가자~~', '2022-12-10 15:18:18', '103'),
('fffff', null, '005930', '거의 보험인듯', 'ㅇㅈ?', '2022-12-10 23:52:22', '73'),
('jjjjj', null, '207940', '난 너만 믿어', '너밖에 없어 이젠', '2022-12-10 21:29:22', '23');

INSERT D_BOARD(ID, t_id, text, time)
VALUES
('aaaaa', '2', 'ㅇㅇ 몰랐어?', '2022-12-10 18:02:43'),
('ddddd', '3', 'ㅋㅋㅋㅋㅋㅋ 왜저래', '2022-12-10 12:30:11'),
('kkkkk', '1', '드가자', '2022-12-10 12:22:00'),
('mmmmm', '5', '인정~~ 언젠간 보상 받는다!', '2022-12-10 14:30:20'),
('eeeee', '4', '그거 이번에 영국에서 엄청 유명하더라', '2022-12-11 08:22:40'),
('fffff', '3', '믿습니다ㅠㅠㅠㅠ', '2022-12-10 17:58:45'),
('ddddd', '2', '야 모를 수도 있는거지', '2022-12-10 18:10:42'),
('ggggg', '6', '조심하셈ㅋㅋ', '2022-12-10 19:26:22'),
('bbbbb', '3', '종교야..? ㅋㅋ', '2022-12-10 21:30:11'),
('aaaaa', '2', '알았어 알았어', '2022-12-10 21:48:18');

INSERT N_BOARD(Title, writer, URL)
VALUES
('TSMC ‘400억불 투자’에 삼성 ‘1년에 1공장’ 맞불…설비경쟁 후끈 [위클리반도체]', '매일경제', 'https://www.mk.co.kr/news/business/10561778'),
('삼성전자, 네이버와 AI 손잡은 이유', '비즈니스워치', 'http://news.bizwatch.co.kr/article/industry/2022/12/09/0004'),
('[단독] "삼성 디자인에 힘준다"...노태문 사장 "디자인경영센터장" 겸직', '머니투데이', 'https://news.mt.co.kr/mtview.php?no=2022120917202265739'),
('LG화학, 아시아 최초 ‘식물성 원료 기반’ 친환경 ABS 출시', '헤럴드경제', 'https://biz.heraldcorp.com/view.php?ud=20221204000087'),
('배터리·소재 강자끼리 뭉쳤다’ LG화학·고려아연 주식 맞교환', '한경비즈니스', 'https://magazine.hankyung.com/business/article/202211266047b');